{
  "b2b": {
    "b2bofferexample": {
      "_acl_offer": "Offers",
      "ManageOffers": "Manage Offers",
      "CreateOffer": "Create Offer",
      "OfferDetail": "Offer detail",
      "OfferName": "Name",
      "OfferDescription": "Description",
      "Action": "Action/s",
      "Name": "Name",
      "Description": "Description",
      "NameAsc": "Name Ascending",
      "NameDesc": "Name Descending",
      "DescriptionAsc": "Description Ascending",
      "DescriptionDesc": "Description Descending"
    }
  }
}
