<?xml version="1.0" ?>
<container xmlns:xsi="http://www.w3.org/2001/XMLSchema-instance"
           xmlns="http://symfony.com/schema/dic/services"
           xsi:schemaLocation="http://symfony.com/schema/dic/services http://symfony.com/schema/dic/services/services-1.0.xsd">
    <services>
        <service class="B2bAuth\Controllers\Frontend\B2bAuthController" id="b2b_auth.controller">
            <argument id="b2b_front_auth.authentication_service" type="service"/>
            <argument id="b2b_front_auth.login_service" type="service"/>
            <argument id="b2b_front_auth.credential_builder" type="service"/>

            <tag name="b2b.controller" route="b2bauth"/>
        </service>
    </services>
</container>
